Episode,Step,StepReward,TotalReward,ActionGas,ActionSteer
0,1,-0.00260,-0.0026,0.21,0.39
0,2,-0.00201,-0.0046,0.21,0.39
0,3,0.00098,-0.0036,0.21,0.39
0,4,0.00201,-0.0016,0.21,0.39
0,5,0.00270,0.0011,0.21,0.39
0,6,0.00246,0.0035,0.34,0.81
0,7,0.00298,0.0065,0.34,0.81
0,8,0.00293,0.0094,0.34,0.81
0,9,0.00281,0.0123,0.34,0.81
0,10,0.00280,0.0151,0.34,0.81
0,11,0.00158,0.0166,-0.09,0.03
0,12,0.00129,0.0179,-0.09,0.03
0,13,-0.00020,0.0177,-0.09,0.03
0,14,-0.00120,0.0165,-0.09,0.03
0,15,-0.00192,0.0146,-0.09,0.03
0,16,-0.00270,0.0119,-0.05,0.05
0,17,-0.00337,0.0085,-0.05,0.05
0,18,-0.00378,0.0047,-0.05,0.05
0,19,-0.00378,0.0010,-0.05,0.05
0,20,-0.00378,-0.0028,-0.05,0.05
0,21,-0.00418,-0.0070,0.30,0.00
0,22,-0.00229,-0.0093,0.30,0.00
0,23,-0.00081,-0.0101,0.30,0.00
0,24,0.00068,-0.0094,0.30,0.00
0,25,0.00168,-0.0077,0.30,0.00
0,26,0.00181,-0.0059,-0.18,0.15
0,27,0.00096,-0.0049,-0.18,0.15
0,28,-0.00050,-0.0054,-0.18,0.15
0,29,-0.00201,-0.0075,-0.18,0.15
0,30,-0.00349,-0.0110,-0.18,0.15
0,31,-0.00539,-0.0163,0.20,0.17
0,32,-0.00349,-0.0198,0.20,0.17
0,33,-0.00201,-0.0218,0.20,0.17
0,34,-0.00052,-0.0224,0.20,0.17
0,35,0.00098,-0.0214,0.20,0.17
0,36,0.00186,-0.0195,0.35,0.00
0,37,0.00295,-0.0166,0.35,0.00
0,38,0.00294,-0.0136,0.35,0.00
0,39,0.00296,-0.0107,0.35,0.00
0,40,0.00294,-0.0077,0.35,0.00
0,41,0.00226,-0.0055,0.56,0.48
0,42,0.00292,-0.0025,0.56,0.48
0,43,0.00356,0.0010,0.56,0.48
0,44,0.00356,0.0046,0.56,0.48
0,45,0.00355,0.0081,0.56,0.48
0,46,0.00271,0.0108,0.01,0.79
0,47,0.00207,0.0129,0.01,0.79
0,48,0.00062,0.0135,0.01,0.79
0,49,-0.00014,0.0134,0.01,0.79
0,50,-0.00092,0.0125,0.01,0.79
0,51,-0.00194,0.0105,0.17,0.89
0,52,-0.00072,0.0098,0.17,0.89
0,53,-0.00003,0.0098,0.17,0.89
0,54,0.00033,0.0101,0.17,0.89
0,55,0.00031,0.0104,0.17,0.89
0,56,-0.00110,0.0093,-0.03,-0.31
0,57,0.00036,0.0096,-0.03,-0.31
0,58,0.00041,0.0101,-0.03,-0.31
0,59,0.00048,0.0105,-0.03,-0.31
0,60,0.00054,0.0111,-0.03,-0.31
0,61,-0.00045,0.0106,0.41,0.05
0,62,0.00166,0.0123,0.41,0.05
0,63,0.00235,0.0146,0.41,0.05
0,64,0.00286,0.0175,0.41,0.05
0,65,0.00287,0.0204,0.41,0.05
0,66,0.00206,0.0224,0.07,-0.41
0,67,0.00178,0.0242,0.07,-0.41
0,68,0.00108,0.0253,0.07,-0.41
0,69,0.00038,0.0257,0.07,-0.41
0,70,-0.00032,0.0253,0.07,-0.41
0,71,-0.00126,0.0241,0.26,-0.36
0,72,0.00044,0.0245,0.26,-0.36
0,73,0.00191,0.0264,0.26,-0.36
0,74,0.00274,0.0292,0.26,-0.36
0,75,0.00329,0.0325,0.26,-0.36
0,76,0.00267,0.0351,0.48,-0.76
0,77,0.00335,0.0385,0.48,-0.76
0,78,0.00311,0.0416,0.48,-0.76
0,79,0.00287,0.0445,0.48,-0.76
0,80,0.00287,0.0473,0.48,-0.76
0,81,0.00263,0.0500,0.32,-0.66
0,82,0.00329,0.0533,0.32,-0.66
0,83,0.00401,0.0573,0.32,-0.66
0,84,0.00425,0.0615,0.32,-0.66
0,85,0.00425,0.0658,0.32,-0.66
0,86,0.00353,0.0693,0.34,0.04
0,87,0.00420,0.0735,0.34,0.04
0,88,0.00353,0.0770,0.34,0.04
0,89,0.00292,0.0799,0.34,0.04
0,90,0.00288,0.0828,0.34,0.04
0,91,0.00235,0.0852,0.76,-0.08
0,92,0.00292,0.0881,0.76,-0.08
0,93,0.00292,0.0910,0.76,-0.08
0,94,0.00294,0.0940,0.76,-0.08
0,95,0.00296,0.0969,0.76,-0.08
0,96,0.00196,0.0989,0.19,-0.49
0,97,0.00286,0.1017,0.19,-0.49
0,98,0.00213,0.1039,0.19,-0.49
0,99,0.00143,0.1053,0.19,-0.49
0,100,0.00142,0.1067,0.19,-0.49
0,101,0.00104,0.1078,0.48,-0.56
0,102,0.00290,0.1107,0.48,-0.56
0,103,0.00370,0.1143,0.48,-0.56
0,104,0.00395,0.1183,0.48,-0.56
0,105,0.00396,0.1223,0.48,-0.56
0,106,0.00325,0.1255,0.61,0.00
0,107,0.00389,0.1294,0.61,0.00
0,108,0.00313,0.1325,0.61,0.00
0,109,0.00295,0.1355,0.61,0.00
0,110,0.00295,0.1384,0.61,0.00
0,111,0.00293,0.1414,0.60,-0.01
0,112,0.00295,0.1443,0.60,-0.01
0,113,0.00295,0.1473,0.60,-0.01
0,114,0.00295,0.1502,0.60,-0.01
0,115,0.00295,0.1532,0.60,-0.01
0,116,0.00251,0.1557,0.74,-0.30
0,117,0.00303,0.1587,0.74,-0.30
0,118,0.00316,0.1619,0.74,-0.30
0,119,0.00316,0.1650,0.74,-0.30
0,120,0.00316,0.1682,0.74,-0.30
0,121,0.00238,0.1706,1.00,0.21
0,122,0.00312,0.1737,1.00,0.21
0,123,0.00297,0.1767,1.00,0.21
0,124,0.00292,0.1796,1.00,0.21
0,125,0.00292,0.1825,1.00,0.21
0,126,0.00142,0.1839,0.64,-0.92
0,127,0.00296,0.1869,0.64,-0.92
0,128,0.00300,0.1899,0.64,-0.92
0,129,0.00305,0.1930,0.64,-0.92
0,130,0.00309,0.1960,0.64,-0.92
0,131,0.00277,0.1988,0.53,-0.43
0,132,0.00333,0.2021,0.53,-0.43
0,133,0.00332,0.2055,0.53,-0.43
0,134,0.00356,0.2090,0.53,-0.43
0,135,0.00356,0.2126,0.53,-0.43
0,136,0.00339,0.2160,0.45,-0.34
0,137,0.00327,0.2192,0.45,-0.34
0,138,0.00327,0.2225,0.45,-0.34
0,139,0.00327,0.2258,0.45,-0.34
0,140,0.00327,0.2291,0.45,-0.34
0,141,0.00238,0.2314,0.65,0.36
0,142,0.00323,0.2347,0.65,0.36
0,143,0.00321,0.2379,0.65,0.36
0,144,0.00325,0.2411,0.65,0.36
0,145,0.00325,0.2444,0.65,0.36
0,146,0.00232,0.2467,0.39,-0.31
0,147,0.00328,0.2500,0.39,-0.31
0,148,0.00332,0.2533,0.39,-0.31
0,149,0.00319,0.2565,0.39,-0.31
0,150,0.00319,0.2597,0.39,-0.31
0,151,0.00272,0.2624,0.73,-0.19
0,152,0.00300,0.2654,0.73,-0.19
0,153,0.00299,0.2684,0.73,-0.19
0,154,0.00300,0.2714,0.73,-0.19
0,155,0.00300,0.2744,0.73,-0.19
0,156,0.00255,0.2769,0.61,0.15
0,157,0.00298,0.2799,0.61,0.15
0,158,0.00295,0.2829,0.61,0.15
0,159,0.00295,0.2858,0.61,0.15
0,160,0.00296,0.2888,0.61,0.15
0,161,0.00268,0.2915,0.58,-0.11
0,162,0.00298,0.2944,0.58,-0.11
0,163,0.00300,0.2974,0.58,-0.11
0,164,0.00299,0.3004,0.58,-0.11
0,165,0.00300,0.3034,0.58,-0.11
0,166,0.00224,0.3057,1.00,0.22
0,167,0.00297,0.3086,1.00,0.22
0,168,0.00294,0.3116,1.00,0.22
0,169,0.00295,0.3145,1.00,0.22
0,170,0.00294,0.3175,1.00,0.22
0,171,0.00244,0.3199,0.73,-0.02
0,172,0.00297,0.3229,0.73,-0.02
0,173,0.00297,0.3259,0.73,-0.02
0,174,0.00297,0.3288,0.73,-0.02
0,175,0.00297,0.3318,0.73,-0.02
0,176,0.00242,0.3342,0.39,-0.24
0,177,0.00300,0.3372,0.39,-0.24
0,178,0.00300,0.3402,0.39,-0.24
0,179,0.00300,0.3432,0.39,-0.24
0,180,0.00300,0.3462,0.39,-0.24
0,181,0.00227,0.3485,0.03,0.14
0,182,0.00220,0.3507,0.03,0.14
0,183,0.00144,0.3521,0.03,0.14
0,184,0.00068,0.3528,0.03,0.14
0,185,-0.00009,0.3527,0.03,0.14
0,186,-0.00096,0.3518,0.54,0.00
0,187,0.00118,0.3530,0.54,0.00
0,188,0.00194,0.3549,0.54,0.00
0,189,0.00270,0.3576,0.54,0.00
0,190,0.00297,0.3606,0.54,0.00
0,191,0.00243,0.3630,1.00,-0.08
0,192,0.00298,0.3660,1.00,-0.08
0,193,0.00298,0.3690,1.00,-0.08
0,194,0.00298,0.3719,1.00,-0.08
0,195,0.00298,0.3749,1.00,-0.08
0,196,0.00238,0.3773,0.74,-0.42
0,197,0.00325,0.3805,0.74,-0.42
0,198,0.00352,0.3840,0.74,-0.42
0,199,0.00351,0.3876,0.74,-0.42
0,200,0.00351,0.3911,0.74,-0.42
0,201,0.00264,0.3937,0.35,0.07
0,202,0.00348,0.3972,0.35,0.07
0,203,0.00296,0.4002,0.35,0.07
0,204,0.00295,0.4031,0.35,0.07
0,205,0.00294,0.4060,0.35,0.07
0,206,0.00220,0.4082,0.88,0.31
0,207,0.00310,0.4114,0.88,0.31
0,208,0.00310,0.4145,0.88,0.31
0,209,0.00310,0.4176,0.88,0.31
0,210,0.00311,0.4207,0.88,0.31
0,211,0.00231,0.4230,0.61,-0.23
0,212,0.00312,0.4261,0.61,-0.23
0,213,0.00310,0.4292,0.61,-0.23
0,214,0.00302,0.4322,0.61,-0.23
0,215,0.00300,0.4352,0.61,-0.23
0,216,0.00276,0.4380,0.67,-0.04
0,217,0.00297,0.4409,0.67,-0.04
0,218,0.00298,0.4439,0.67,-0.04
0,219,0.00297,0.4469,0.67,-0.04
0,220,0.00298,0.4499,0.67,-0.04
0,221,0.00288,0.4528,0.60,-0.07
0,222,0.00299,0.4558,0.60,-0.07
0,223,0.00299,0.4587,0.60,-0.07
0,224,0.00298,0.4617,0.60,-0.07
0,225,0.00299,0.4647,0.60,-0.07
0,226,0.00277,0.4675,0.49,-0.16
0,227,0.00299,0.4705,0.49,-0.16
0,228,0.00299,0.4735,0.49,-0.16
0,229,0.00299,0.4764,0.49,-0.16
0,230,0.00299,0.4794,0.49,-0.16
0,231,0.00281,0.4822,0.49,0.03
0,232,0.00296,0.4852,0.49,0.03
0,233,0.00296,0.4882,0.49,0.03
0,234,0.00296,0.4911,0.49,0.03
0,235,0.00296,0.4941,0.49,0.03
0,236,0.00283,0.4969,0.48,-0.11
0,237,0.00298,0.4999,0.48,-0.11
0,238,0.00298,0.5029,0.48,-0.11
0,239,0.00298,0.5059,0.48,-0.11
0,240,0.00298,0.5089,0.48,-0.11
0,241,0.00285,0.5117,0.58,-0.07
0,242,0.00298,0.5147,0.58,-0.07
0,243,0.00298,0.5177,0.58,-0.07
0,244,0.00298,0.5206,0.58,-0.07
0,245,0.00298,0.5236,0.58,-0.07
0,246,0.00254,0.5262,0.41,0.21
0,247,0.00294,0.5291,0.41,0.21
0,248,0.00294,0.5320,0.41,0.21
0,249,0.00294,0.5350,0.41,0.21
0,250,0.00293,0.5379,0.41,0.21
0,251,0.00240,0.5403,0.44,-0.29
0,252,0.00297,0.5433,0.44,-0.29
0,253,0.00313,0.5464,0.44,-0.29
0,254,0.00313,0.5495,0.44,-0.29
0,255,0.00313,0.5527,0.44,-0.29
0,256,0.00242,0.5551,0.90,-0.04
0,257,0.00297,0.5581,0.90,-0.04
0,258,0.00297,0.5610,0.90,-0.04
0,259,0.00297,0.5640,0.90,-0.04
0,260,0.00297,0.5670,0.90,-0.04
0,261,0.00272,0.5697,0.73,0.03
0,262,0.00296,0.5727,0.73,0.03
0,263,0.00296,0.5756,0.73,0.03
0,264,0.00296,0.5786,0.73,0.03
0,265,0.00297,0.5815,0.73,0.03
0,266,0.00160,0.5831,0.16,-0.75
0,267,0.00298,0.5861,0.16,-0.75
0,268,0.00302,0.5891,0.16,-0.75
0,269,0.00230,0.5914,0.16,-0.75
0,270,0.00157,0.5930,0.16,-0.75
0,271,-0.00040,0.5926,0.90,-0.24
0,272,0.00092,0.5935,0.90,-0.24
0,273,0.00163,0.5952,0.90,-0.24
0,274,0.00236,0.5975,0.90,-0.24
0,275,0.00302,0.6005,0.90,-0.24
0,276,0.00272,0.6033,0.69,-0.34
0,277,0.00330,0.6066,0.69,-0.34
0,278,0.00328,0.6098,0.69,-0.34
0,279,0.00331,0.6131,0.69,-0.34
0,280,0.00329,0.6164,0.69,-0.34
0,281,0.00305,0.6195,0.75,-0.53
0,282,0.00387,0.6234,0.75,-0.53
0,283,0.00387,0.6272,0.75,-0.53
0,284,0.00387,0.6311,0.75,-0.53
0,285,0.00388,0.6350,0.75,-0.53
0,286,0.00320,0.6382,0.35,-0.27
0,287,0.00312,0.6413,0.35,-0.27
0,288,0.00307,0.6444,0.35,-0.27
0,289,0.00308,0.6474,0.35,-0.27
0,290,0.00307,0.6505,0.35,-0.27
0,291,0.00250,0.6530,0.78,-0.41
0,292,0.00351,0.6565,0.78,-0.41
0,293,0.00350,0.6600,0.78,-0.41
0,294,0.00351,0.6635,0.78,-0.41
0,295,0.00351,0.6670,0.78,-0.41
0,296,0.00293,0.6700,0.97,-0.80
0,297,0.00353,0.6735,0.97,-0.80
0,298,0.00321,0.6767,0.97,-0.80
0,299,0.00297,0.6797,0.97,-0.80
0,300,0.00298,0.6827,0.97,-0.80
0,301,0.00213,0.6848,0.26,-0.65
0,302,0.00324,0.6880,0.26,-0.65
0,303,0.00395,0.6920,0.26,-0.65
0,304,0.00420,0.6962,0.26,-0.65
0,305,0.00418,0.7004,0.26,-0.65
0,306,0.00311,0.7035,0.41,0.31
0,307,0.00419,0.7077,0.41,0.31
0,308,0.00419,0.7119,0.41,0.31
0,309,0.00361,0.7155,0.41,0.31
0,310,0.00317,0.7186,0.41,0.31
0,311,0.00275,0.7214,0.43,-0.08
0,312,0.00319,0.7246,0.43,-0.08
0,313,0.00303,0.7276,0.43,-0.08
0,314,0.00301,0.7306,0.43,-0.08
0,315,0.00302,0.7336,0.43,-0.08
0,316,0.00214,0.7358,0.71,-0.67
0,317,0.00300,0.7388,0.71,-0.67
0,318,0.00300,0.7418,0.71,-0.67
0,319,0.00254,0.7443,0.71,-0.67
0,320,0.00252,0.7468,0.71,-0.67
0,321,0.00222,0.7491,0.76,-0.44
0,322,0.00253,0.7516,0.76,-0.44
0,323,0.00328,0.7549,0.76,-0.44
0,324,0.00354,0.7584,0.76,-0.44
0,325,0.00354,0.7620,0.76,-0.44
0,326,0.00331,0.7653,0.75,-0.22
0,327,0.00299,0.7683,0.75,-0.22
0,328,0.00299,0.7712,0.75,-0.22
0,329,0.00299,0.7742,0.75,-0.22
0,330,0.00299,0.7772,0.75,-0.22
0,331,0.00278,0.7800,0.63,-0.13
0,332,0.00301,0.7830,0.63,-0.13
0,333,0.00301,0.7860,0.63,-0.13
0,334,0.00301,0.7890,0.63,-0.13
0,335,0.00301,0.7920,0.63,-0.13
0,336,0.00264,0.7947,0.99,-0.13
0,337,0.00299,0.7976,0.99,-0.13
0,338,0.00298,0.8006,0.99,-0.13
0,339,0.00298,0.8036,0.99,-0.13
0,340,0.00298,0.8066,0.99,-0.13
0,341,0.00233,0.8089,0.92,0.45
0,342,0.00300,0.8119,0.92,0.45
0,343,0.00337,0.8153,0.92,0.45
0,344,0.00361,0.8189,0.92,0.45
0,345,0.00362,0.8225,0.92,0.45
0,346,0.00282,0.8253,0.62,-0.05
0,347,0.00361,0.8289,0.62,-0.05
0,348,0.00302,0.8320,0.62,-0.05
0,349,0.00301,0.8350,0.62,-0.05
0,350,0.00303,0.8380,0.62,-0.05
0,351,0.00205,0.8400,0.23,-0.64
0,352,0.00299,0.8430,0.23,-0.64
0,353,0.00297,0.8460,0.23,-0.64
0,354,0.00230,0.8483,0.23,-0.64
0,355,0.00220,0.8505,0.23,-0.64
0,356,0.00075,0.8513,0.62,0.40
0,357,0.00221,0.8535,0.62,0.40
0,358,0.00222,0.8557,0.62,0.40
0,359,0.00222,0.8579,0.62,0.40
0,360,0.00276,0.8607,0.62,0.40
0,361,0.00267,0.8633,0.72,-0.30
0,362,0.00347,0.8668,0.72,-0.30
0,363,0.00345,0.8703,0.72,-0.30
0,364,0.00314,0.8734,0.72,-0.30
0,365,0.00314,0.8765,0.72,-0.30
0,366,0.00190,0.8784,0.11,0.31
0,367,0.00264,0.8811,0.11,0.31
0,368,0.00189,0.8830,0.11,0.31
0,369,0.00115,0.8841,0.11,0.31
0,370,0.00042,0.8845,0.11,0.31
0,371,-0.00096,0.8836,0.40,-0.36
0,372,0.00051,0.8841,0.40,-0.36
0,373,0.00126,0.8853,0.40,-0.36
0,374,0.00198,0.8873,0.40,-0.36
0,375,0.00271,0.8900,0.40,-0.36
0,376,0.00271,0.8927,0.65,-0.04
0,377,0.00318,0.8959,0.65,-0.04
0,378,0.00297,0.8989,0.65,-0.04
0,379,0.00297,0.9019,0.65,-0.04
0,380,0.00297,0.9048,0.65,-0.04
0,381,0.00263,0.9075,0.56,-0.29
0,382,0.00306,0.9105,0.56,-0.29
0,383,0.00306,0.9136,0.56,-0.29
0,384,0.00306,0.9166,0.56,-0.29
0,385,0.00306,0.9197,0.56,-0.29
0,386,0.00256,0.9223,0.88,-0.10
0,387,0.00297,0.9252,0.88,-0.10
0,388,0.00297,0.9282,0.88,-0.10
0,389,0.00298,0.9312,0.88,-0.10
0,390,0.00298,0.9342,0.88,-0.10
0,391,0.00232,0.9365,0.24,-0.11
0,392,0.00272,0.9392,0.24,-0.11
0,393,0.00272,0.9419,0.24,-0.11
0,394,0.00272,0.9446,0.24,-0.11
0,395,0.00272,0.9474,0.24,-0.11
0,396,0.00106,0.9484,1.00,0.78
0,397,0.00273,0.9511,1.00,0.78
0,398,0.00276,0.9539,1.00,0.78
0,399,0.00278,0.9567,1.00,0.78
0,400,0.00289,0.9596,1.00,0.78
0,401,0.00174,0.9613,0.63,0.00
0,402,0.00289,0.9642,0.63,0.00
0,403,0.00287,0.9671,0.63,0.00
0,404,0.00285,0.9699,0.63,0.00
0,405,0.00300,0.9729,0.63,0.00
0,406,0.00278,0.9757,0.46,-0.04
0,407,0.00299,0.9787,0.46,-0.04
0,408,0.00299,0.9817,0.46,-0.04
0,409,0.00299,0.9847,0.46,-0.04
0,410,0.00299,0.9877,0.46,-0.04
0,411,0.00252,0.9902,0.91,-0.05
0,412,0.00298,0.9932,0.91,-0.05
0,413,0.00298,0.9962,0.91,-0.05
0,414,0.00298,0.9991,0.91,-0.05
0,415,0.00298,1.0021,0.91,-0.05
0,416,0.00245,1.0046,0.49,-0.16
0,417,0.00296,1.0075,0.49,-0.16
0,418,0.00296,1.0105,0.49,-0.16
0,419,0.00296,1.0134,0.49,-0.16
0,420,0.00296,1.0164,0.49,-0.16
0,421,0.00223,1.0186,0.06,0.14
0,422,0.00195,1.0206,0.06,0.14
0,423,0.00122,1.0218,0.06,0.14
0,424,0.00048,1.0223,0.06,0.14
0,425,-0.00024,1.0220,0.06,0.14
0,426,-0.00148,1.0206,1.00,-0.16
0,427,0.00076,1.0213,1.00,-0.16
0,428,0.00150,1.0228,1.00,-0.16
0,429,0.00223,1.0251,1.00,-0.16
0,430,0.00296,1.0280,1.00,-0.16
0,431,0.00247,1.0305,0.73,0.05
0,432,0.00297,1.0334,0.73,0.05
0,433,0.00297,1.0364,0.73,0.05
0,434,0.00297,1.0394,0.73,0.05
0,435,0.00297,1.0423,0.73,0.05
0,436,0.00245,1.0448,0.38,-0.12
0,437,0.00296,1.0478,0.38,-0.12
0,438,0.00296,1.0507,0.38,-0.12
0,439,0.00296,1.0537,0.38,-0.12
0,440,0.00296,1.0566,0.38,-0.12
0,441,0.00268,1.0593,0.29,-0.30
0,442,0.00310,1.0624,0.29,-0.30
0,443,0.00310,1.0655,0.29,-0.30
0,444,0.00309,1.0686,0.29,-0.30
0,445,0.00309,1.0717,0.29,-0.30
0,446,0.00275,1.0744,0.49,-0.17
0,447,0.00293,1.0774,0.49,-0.17
0,448,0.00293,1.0803,0.49,-0.17
0,449,0.00293,1.0832,0.49,-0.17
0,450,0.00293,1.0862,0.49,-0.17
0,451,0.00268,1.0889,0.66,-0.09
0,452,0.00294,1.0918,0.66,-0.09
0,453,0.00293,1.0947,0.66,-0.09
0,454,0.00293,1.0977,0.66,-0.09
0,455,0.00293,1.1006,0.66,-0.09
0,456,0.00239,1.1030,0.15,-0.12
0,457,0.00173,1.1047,0.15,-0.12
0,458,0.00155,1.1063,0.15,-0.12
0,459,0.00155,1.1078,0.15,-0.12
0,460,0.00154,1.1093,0.15,-0.12
0,461,0.00079,1.1101,-0.34,0.14
0,462,0.00007,1.1102,-0.34,0.14
0,463,-0.00142,1.1088,-0.34,0.14
0,464,-0.00290,1.1059,-0.34,0.14
0,465,-0.00439,1.1015,-0.34,0.14
0,466,-0.00715,1.0943,0.50,-0.30
0,467,-0.00437,1.0900,0.50,-0.30
0,468,-0.00288,1.0871,0.50,-0.30
0,469,-0.00140,1.0857,0.50,-0.30
0,470,0.00009,1.0858,0.50,-0.30
0,471,0.00103,1.0868,0.03,-0.37
0,472,0.00069,1.0875,0.03,-0.37
0,473,-0.00007,1.0874,0.03,-0.37
0,474,-0.00084,1.0866,0.03,-0.37
0,475,-0.00159,1.0850,0.03,-0.37
0,476,-0.00276,1.0822,0.39,-0.08
0,477,-0.00063,1.0816,0.39,-0.08
0,478,0.00035,1.0820,0.39,-0.08
0,479,0.00111,1.0831,0.39,-0.08
0,480,0.00187,1.0850,0.39,-0.08
0,481,0.00184,1.0868,0.19,-0.66
0,482,0.00258,1.0894,0.19,-0.66
0,483,0.00218,1.0915,0.19,-0.66
0,484,0.00167,1.0932,0.19,-0.66
0,485,0.00166,1.0949,0.19,-0.66
0,486,0.00127,1.0961,0.06,-0.41
0,487,0.00019,1.0963,0.06,-0.41
0,488,-0.00129,1.0950,0.06,-0.41
0,489,-0.00209,1.0930,0.06,-0.41
0,490,-0.00210,1.0909,0.06,-0.41
0,491,-0.00248,1.0884,0.38,-0.45
0,492,-0.00067,1.0877,0.38,-0.45
0,493,0.00077,1.0885,0.38,-0.45
0,494,0.00203,1.0905,0.38,-0.45
0,495,0.00279,1.0933,0.38,-0.45
0,496,0.00218,1.0955,0.64,0.38
0,497,0.00334,1.0988,0.64,0.38
0,498,0.00340,1.1022,0.64,0.38
0,499,0.00326,1.1055,0.64,0.38
0,500,0.00327,1.1088,0.64,0.38
0,501,0.00206,1.1108,0.28,-0.45
0,502,0.00318,1.1140,0.28,-0.45
0,503,0.00310,1.1171,0.28,-0.45
0,504,0.00322,1.1203,0.28,-0.45
0,505,0.00322,1.1235,0.28,-0.45
0,506,0.00188,1.1254,-0.18,0.43
0,507,0.00176,1.1272,-0.18,0.43
0,508,0.00035,1.1275,-0.18,0.43
0,509,-0.00059,1.1269,-0.18,0.43
0,510,-0.00123,1.1257,-0.18,0.43
0,511,-0.00348,1.1222,0.62,-0.36
0,512,-0.00050,1.1217,0.62,-0.36
0,513,0.00093,1.1227,0.62,-0.36
0,514,0.00185,1.1245,0.62,-0.36
0,515,0.00247,1.1270,0.62,-0.36
0,516,0.00248,1.1295,0.30,-0.28
0,517,0.00264,1.1321,0.30,-0.28
0,518,0.00265,1.1347,0.30,-0.28
0,519,0.00265,1.1374,0.30,-0.28
0,520,0.00260,1.1400,0.30,-0.28
0,521,0.00181,1.1418,-0.11,0.11
0,522,0.00122,1.1430,-0.11,0.11
0,523,-0.00021,1.1428,-0.11,0.11
0,524,-0.00156,1.1413,-0.11,0.11
0,525,-0.00296,1.1383,-0.11,0.11
0,526,-0.00428,1.1340,0.03,0.02
0,527,-0.00296,1.1310,0.03,0.02
0,528,-0.00226,1.1288,0.03,0.02
0,529,-0.00199,1.1268,0.03,0.02
0,530,-0.00198,1.1248,0.03,0.02
0,531,-0.00222,1.1226,0.15,0.11
0,532,-0.00061,1.1220,0.15,0.11
0,533,0.00073,1.1227,0.15,0.11
0,534,0.00131,1.1240,0.15,0.11
0,535,0.00131,1.1253,0.15,0.11
0,536,0.00100,1.1263,0.04,0.27
0,537,0.00057,1.1269,0.04,0.27
0,538,-0.00004,1.1269,0.04,0.27
0,539,-0.00029,1.1266,0.04,0.27
0,540,-0.00026,1.1263,0.04,0.27
0,541,-0.00049,1.1258,-0.15,0.28
0,542,-0.00162,1.1242,-0.15,0.28
0,543,-0.00297,1.1212,-0.15,0.28
0,544,-0.00438,1.1169,-0.15,0.28
0,545,-0.00521,1.1116,-0.15,0.28
0,546,-0.00654,1.1051,0.19,-0.17
0,547,-0.00435,1.1008,0.19,-0.17
0,548,-0.00296,1.0978,0.19,-0.17
0,549,-0.00162,1.0962,0.19,-0.17
0,550,-0.00022,1.0960,0.19,-0.17
0,551,0.00083,1.0968,0.24,-0.12
0,552,0.00178,1.0986,0.24,-0.12
0,553,0.00231,1.1009,0.24,-0.12
0,554,0.00227,1.1031,0.24,-0.12
0,555,0.00228,1.1054,0.24,-0.12
0,556,0.00163,1.1071,0.61,0.14
0,557,0.00244,1.1095,0.61,0.14
0,558,0.00258,1.1121,0.61,0.14
0,559,0.00256,1.1146,0.61,0.14
0,560,0.00256,1.1172,0.61,0.14
0,561,0.00179,1.1190,-0.07,0.05
0,562,0.00119,1.1202,-0.07,0.05
0,563,-0.00015,1.1200,-0.07,0.05
0,564,-0.00149,1.1185,-0.07,0.05
0,565,-0.00283,1.1157,-0.07,0.05
0,566,-0.00451,1.1112,0.11,0.21
0,567,-0.00282,1.1084,0.11,0.21
0,568,-0.00148,1.1069,0.11,0.21
0,569,-0.00062,1.1063,0.11,0.21
0,570,-0.00028,1.1060,0.11,0.21
0,571,-0.00084,1.1052,0.40,-0.06
0,572,0.00088,1.1060,0.40,-0.06
0,573,0.00149,1.1075,0.40,-0.06
0,574,0.00209,1.1096,0.40,-0.06
0,575,0.00242,1.1120,0.40,-0.06
0,576,0.00152,1.1136,-0.32,0.11
0,577,0.00107,1.1146,-0.32,0.11
0,578,-0.00026,1.1144,-0.32,0.11
0,579,-0.00159,1.1128,-0.32,0.11
0,580,-0.00290,1.1099,-0.32,0.11
0,581,-0.00464,1.1052,-0.21,0.41
0,582,-0.00514,1.1001,-0.21,0.41
0,583,-0.00576,1.0943,-0.21,0.41
0,584,-0.00634,1.0880,-0.21,0.41
0,585,-0.00637,1.0816,-0.21,0.41
0,586,-0.00679,1.0748,0.03,0.24
0,587,-0.00506,1.0698,0.03,0.24
0,588,-0.00371,1.0661,0.03,0.24
0,589,-0.00235,1.0637,0.03,0.24
0,590,-0.00099,1.0627,0.03,0.24
0,591,-0.00066,1.0621,0.23,0.07
0,592,0.00108,1.0631,0.23,0.07
0,593,0.00175,1.0649,0.23,0.07
0,594,0.00227,1.0672,0.23,0.07
0,595,0.00226,1.0694,0.23,0.07
0,596,0.00151,1.0709,0.10,0.67
0,597,0.00207,1.0730,0.10,0.67
0,598,0.00145,1.0745,0.10,0.67
0,599,0.00083,1.0753,0.10,0.67
0,600,0.00022,1.0755,0.10,0.67
0,601,-0.00101,1.0745,0.12,0.07
0,602,-0.00051,1.0740,0.12,0.07
0,603,-0.00037,1.0736,0.12,0.07
0,604,0.00025,1.0739,0.12,0.07
0,605,0.00086,1.0747,0.12,0.07
0,606,0.00035,1.0751,-0.10,0.65
0,607,0.00053,1.0756,-0.10,0.65
0,608,-0.00008,1.0755,-0.10,0.65
0,609,-0.00069,1.0748,-0.10,0.65
0,610,-0.00131,1.0735,-0.10,0.65
0,611,-0.00312,1.0704,0.28,-0.18
0,612,-0.00111,1.0693,0.28,-0.18
0,613,-0.00049,1.0688,0.28,-0.18
0,614,0.00013,1.0689,0.28,-0.18
0,615,0.00075,1.0697,0.28,-0.18
0,616,0.00055,1.0702,0.11,0.46
0,617,0.00128,1.0715,0.11,0.46
0,618,0.00066,1.0722,0.11,0.46
0,619,0.00046,1.0726,0.11,0.46
0,620,0.00046,1.0731,0.11,0.46
0,621,0.00027,1.0734,0.26,0.42
0,622,0.00180,1.0752,0.26,0.42
0,623,0.00288,1.0781,0.26,0.42
0,624,0.00307,1.0811,0.26,0.42
0,625,0.00305,1.0842,0.26,0.42
0,626,0.00187,1.0860,-0.38,-0.11
0,627,0.00170,1.0877,-0.38,-0.11
0,628,0.00038,1.0881,-0.38,-0.11
0,629,-0.00094,1.0872,-0.38,-0.11
0,630,-0.00226,1.0849,-0.38,-0.11
0,631,-0.00382,1.0811,-0.48,0.02
0,632,-0.00478,1.0763,-0.48,0.02
0,633,-0.00553,1.0708,-0.48,0.02
0,634,-0.00628,1.0645,-0.48,0.02
0,635,-0.00649,1.0580,-0.48,0.02
0,636,-0.00693,1.0511,-0.31,0.27
0,637,-0.00648,1.0446,-0.31,0.27
0,638,-0.00651,1.0381,-0.31,0.27
0,639,-0.00653,1.0316,-0.31,0.27
0,640,-0.00655,1.0250,-0.31,0.27
0,641,-0.00733,1.0177,0.29,0.12
0,642,-0.00520,1.0125,0.29,0.12
0,643,-0.00381,1.0087,0.29,0.12
0,644,-0.00241,1.0063,0.29,0.12
0,645,-0.00101,1.0053,0.29,0.12
0,646,0.00007,1.0053,0.30,0.43
0,647,0.00180,1.0071,0.30,0.43
0,648,0.00303,1.0102,0.30,0.43
0,649,0.00332,1.0135,0.30,0.43
0,650,0.00331,1.0168,0.30,0.43
0,651,0.00282,1.0196,0.19,0.07
0,652,0.00254,1.0222,0.19,0.07
0,653,0.00178,1.0239,0.19,0.07
0,654,0.00156,1.0255,0.19,0.07
0,655,0.00155,1.0270,0.19,0.07
0,656,0.00136,1.0284,0.15,0.21
0,657,0.00161,1.0300,0.15,0.21
0,658,0.00160,1.0316,0.15,0.21
0,659,0.00159,1.0332,0.15,0.21
0,660,0.00158,1.0348,0.15,0.21
0,661,0.00072,1.0355,0.24,0.97
0,662,0.00168,1.0372,0.24,0.97
0,663,0.00179,1.0390,0.24,0.97
0,664,0.00231,1.0413,0.24,0.97
0,665,0.00304,1.0443,0.24,0.97
0,666,0.00150,1.0458,-0.48,-0.03
0,667,0.00187,1.0477,-0.48,-0.03
0,668,0.00053,1.0482,-0.48,-0.03
0,669,-0.00081,1.0474,-0.48,-0.03
0,670,-0.00169,1.0457,-0.48,-0.03
0,671,-0.00295,1.0428,-0.27,0.27
0,672,-0.00381,1.0390,-0.27,0.27
0,673,-0.00470,1.0343,-0.27,0.27
0,674,-0.00546,1.0288,-0.27,0.27
0,675,-0.00623,1.0226,-0.27,0.27
0,676,-0.00711,1.0155,-0.03,0.02
0,677,-0.00525,1.0102,-0.03,0.02
0,678,-0.00385,1.0064,-0.03,0.02
0,679,-0.00294,1.0034,-0.03,0.02
0,680,-0.00227,1.0012,-0.03,0.02
0,681,-0.00233,0.9988,0.21,-0.06
0,682,-0.00060,0.9982,0.21,-0.06
0,683,0.00081,0.9990,0.21,-0.06
0,684,0.00192,1.0010,0.21,-0.06
0,685,0.00197,1.0029,0.21,-0.06
0,686,0.00123,1.0042,-0.44,0.01
0,687,0.00057,1.0047,-0.44,0.01
0,688,-0.00084,1.0039,-0.44,0.01
0,689,-0.00224,1.0017,-0.44,0.01
0,690,-0.00363,0.9980,-0.44,0.01
0,691,-0.00583,0.9922,-0.10,0.46
0,692,-0.00494,0.9873,-0.10,0.46
0,693,-0.00437,0.9829,-0.10,0.46
0,694,-0.00408,0.9788,-0.10,0.46
0,695,-0.00409,0.9747,-0.10,0.46
0,696,-0.00477,0.9699,0.12,0.01
0,697,-0.00268,0.9673,0.12,0.01
0,698,-0.00126,0.9660,0.12,0.01
0,699,-0.00033,0.9657,0.12,0.01
0,700,0.00034,0.9660,0.12,0.01
0,701,0.00061,0.9666,-0.18,-0.09
0,702,-0.00042,0.9662,-0.18,-0.09
0,703,-0.00185,0.9643,-0.18,-0.09
0,704,-0.00327,0.9611,-0.18,-0.09
0,705,-0.00470,0.9564,-0.18,-0.09
0,706,-0.00595,0.9504,-0.35,0.10
0,707,-0.00648,0.9439,-0.35,0.10
0,708,-0.00677,0.9372,-0.35,0.10
0,709,-0.00679,0.9304,-0.35,0.10
0,710,-0.00680,0.9236,-0.35,0.10
0,711,-0.00730,0.9163,0.12,0.08
0,712,-0.00534,0.9109,0.12,0.08
0,713,-0.00390,0.9070,0.12,0.08
0,714,-0.00245,0.9046,0.12,0.08
0,715,-0.00098,0.9036,0.12,0.08
0,716,0.00002,0.9036,-0.31,0.05
0,717,-0.00099,0.9026,-0.31,0.05
0,718,-0.00244,0.9002,-0.31,0.05
0,719,-0.00389,0.8963,-0.31,0.05
0,720,-0.00534,0.8910,-0.31,0.05
0,721,-0.00753,0.8834,0.04,-0.46
0,722,-0.00555,0.8779,0.04,-0.46
0,723,-0.00485,0.8730,0.04,-0.46
0,724,-0.00416,0.8689,0.04,-0.46
0,725,-0.00346,0.8654,0.04,-0.46
0,726,-0.00359,0.8618,-0.13,0.19
0,727,-0.00346,0.8584,-0.13,0.19
0,728,-0.00415,0.8542,-0.13,0.19
0,729,-0.00485,0.8494,-0.13,0.19
0,730,-0.00551,0.8439,-0.13,0.19
0,731,-0.00612,0.8377,0.15,0.51
0,732,-0.00407,0.8337,0.15,0.51
0,733,-0.00261,0.8311,0.15,0.51
0,734,-0.00150,0.8296,0.15,0.51
0,735,-0.00074,0.8288,0.15,0.51
0,736,-0.00076,0.8281,-0.04,-0.09
0,737,-0.00072,0.8274,-0.04,-0.09
0,738,-0.00147,0.8259,-0.04,-0.09
0,739,-0.00225,0.8236,-0.04,-0.09
0,740,-0.00303,0.8206,-0.04,-0.09
0,741,-0.00398,0.8166,0.08,-0.01
0,742,-0.00231,0.8143,0.08,-0.01
0,743,-0.00086,0.8135,0.08,-0.01
0,744,0.00013,0.8136,0.08,-0.01
0,745,0.00089,0.8145,0.08,-0.01
0,746,0.00074,0.8152,0.24,0.47
0,747,0.00214,0.8174,0.24,0.47
0,748,0.00289,0.8202,0.24,0.47
0,749,0.00350,0.8237,0.24,0.47
0,750,0.00350,0.8272,0.24,0.47
0,751,0.00283,0.8301,-0.24,0.65
0,752,0.00206,0.8321,-0.24,0.65
0,753,0.00062,0.8328,-0.24,0.65
0,754,-0.00083,0.8319,-0.24,0.65
0,755,-0.00227,0.8297,-0.24,0.65
0,756,-0.00483,0.8248,0.15,-0.07
0,757,-0.00226,0.8226,0.15,-0.07
0,758,-0.00081,0.8218,0.15,-0.07
0,759,-0.00001,0.8218,0.15,-0.07
0,760,0.00067,0.8224,0.15,-0.07
0,761,0.00130,0.8237,0.18,-0.10
0,762,0.00173,0.8255,0.18,-0.10
0,763,0.00172,0.8272,0.18,-0.10
0,764,0.00172,0.8289,0.18,-0.10
0,765,0.00172,0.8306,0.18,-0.10
0,766,0.00131,0.8319,0.04,0.15
0,767,0.00103,0.8330,0.04,0.15
0,768,0.00034,0.8333,0.04,0.15
0,769,-0.00024,0.8331,0.04,0.15
0,770,-0.00024,0.8328,0.04,0.15
0,771,-0.00075,0.8321,0.29,0.41
0,772,0.00121,0.8333,0.29,0.41
0,773,0.00264,0.8359,0.29,0.41
0,774,0.00335,0.8393,0.29,0.41
0,775,0.00334,0.8426,0.29,0.41
0,776,0.00275,0.8454,0.15,-0.04
0,777,0.00258,0.8479,0.15,-0.04
0,778,0.00181,0.8498,0.15,-0.04
0,779,0.00133,0.8511,0.15,-0.04
0,780,0.00132,0.8524,0.15,-0.04
0,781,0.00099,0.8534,-0.02,-0.19
0,782,-0.00014,0.8532,-0.02,-0.19
0,783,-0.00155,0.8517,-0.02,-0.19
0,784,-0.00252,0.8492,-0.02,-0.19
0,785,-0.00327,0.8459,-0.02,-0.19
0,786,-0.00411,0.8418,-0.21,-0.04
0,787,-0.00489,0.8369,-0.21,-0.04
0,788,-0.00555,0.8314,-0.21,-0.04
0,789,-0.00599,0.8254,-0.21,-0.04
0,790,-0.00600,0.8194,-0.21,-0.04
0,791,-0.00648,0.8129,-0.04,-0.34
0,792,-0.00485,0.8080,-0.04,-0.34
0,793,-0.00418,0.8038,-0.04,-0.34
0,794,-0.00350,0.8003,-0.04,-0.34
0,795,-0.00283,0.7975,-0.04,-0.34
0,796,-0.00325,0.7943,-0.56,0.21
0,797,-0.00297,0.7913,-0.56,0.21
0,798,-0.00364,0.7877,-0.56,0.21
0,799,-0.00431,0.7833,-0.56,0.21
0,800,-0.00498,0.7784,-0.56,0.21
0,801,-0.00583,0.7725,-0.39,0.21
0,802,-0.00636,0.7662,-0.39,0.21
0,803,-0.00673,0.7594,-0.39,0.21
0,804,-0.00675,0.7527,-0.39,0.21
0,805,-0.00677,0.7459,-0.39,0.21
0,806,-0.00719,0.7387,-0.13,0.36
0,807,-0.00535,0.7334,-0.13,0.36
0,808,-0.00460,0.7288,-0.13,0.36
0,809,-0.00423,0.7245,-0.13,0.36
0,810,-0.00426,0.7203,-0.13,0.36
0,811,-0.00480,0.7155,0.08,0.07
0,812,-0.00281,0.7127,0.08,0.07
0,813,-0.00135,0.7113,0.08,0.07
0,814,-0.00039,0.7109,0.08,0.07
0,815,0.00032,0.7113,0.08,0.07
0,816,0.00086,0.7121,-0.07,0.06
0,817,-0.00045,0.7117,-0.07,0.06
0,818,-0.00192,0.7097,-0.07,0.06
0,819,-0.00339,0.7064,-0.07,0.06
0,820,-0.00485,0.7015,-0.07,0.06
0,821,-0.00603,0.6955,0.25,0.33
0,822,-0.00397,0.6915,0.25,0.33
0,823,-0.00250,0.6890,0.25,0.33
0,824,-0.00103,0.6880,0.25,0.33
0,825,0.00044,0.6884,0.25,0.33
0,826,-0.00004,0.6884,-0.66,-0.47
0,827,0.00022,0.6886,-0.66,-0.47
0,828,-0.00124,0.6873,-0.66,-0.47
0,829,-0.00271,0.6846,-0.66,-0.47
0,830,-0.00418,0.6805,-0.66,-0.47
0,831,-0.00693,0.6735,-0.51,0.89
0,832,-0.00537,0.6682,-0.51,0.89
0,833,-0.00533,0.6628,-0.51,0.89
0,834,-0.00580,0.6570,-0.51,0.89
0,835,-0.00653,0.6505,-0.51,0.89
0,836,-0.00826,0.6422,-0.01,0.09
0,837,-0.00626,0.6360,-0.01,0.09
0,838,-0.00557,0.6304,-0.01,0.09
0,839,-0.00486,0.6255,-0.01,0.09
0,840,-0.00414,0.6214,-0.01,0.09
0,841,-0.00411,0.6173,-0.45,0.36
0,842,-0.00487,0.6124,-0.45,0.36
0,843,-0.00636,0.6061,-0.45,0.36
0,844,-0.00725,0.5988,-0.45,0.36
0,845,-0.00726,0.5916,-0.45,0.36
0,846,-0.00802,0.5835,0.06,0.60
0,847,-0.00576,0.5778,0.06,0.60
0,848,-0.00427,0.5735,0.06,0.60
0,849,-0.00320,0.5703,0.06,0.60
0,850,-0.00248,0.5678,0.06,0.60
0,851,-0.00256,0.5653,0.52,0.24
0,852,-0.00022,0.5651,0.52,0.24
0,853,0.00099,0.5660,0.52,0.24
0,854,0.00173,0.5678,0.52,0.24
0,855,0.00247,0.5702,0.52,0.24
0,856,0.00288,0.5731,0.43,0.27
0,857,0.00306,0.5762,0.43,0.27
0,858,0.00306,0.5792,0.43,0.27
0,859,0.00306,0.5823,0.43,0.27
0,860,0.00306,0.5854,0.43,0.27
0,861,0.00265,0.5880,0.07,0.23
0,862,0.00159,0.5896,0.07,0.23
0,863,0.00008,0.5897,0.07,0.23
0,864,-0.00022,0.5895,0.07,0.23
0,865,-0.00022,0.5892,0.07,0.23
0,866,-0.00067,0.5886,0.34,0.40
0,867,0.00126,0.5898,0.34,0.40
0,868,0.00275,0.5926,0.34,0.40
0,869,0.00346,0.5960,0.34,0.40
0,870,0.00345,0.5995,0.34,0.40
0,871,0.00310,0.6026,0.30,0.09
0,872,0.00318,0.6058,0.30,0.09
0,873,0.00297,0.6087,0.30,0.09
0,874,0.00297,0.6117,0.30,0.09
0,875,0.00297,0.6147,0.30,0.09
0,876,0.00245,0.6171,0.09,0.38
0,877,0.00154,0.6187,0.09,0.38
0,878,0.00079,0.6194,0.09,0.38
0,879,0.00005,0.6195,0.09,0.38
0,880,0.00004,0.6195,0.09,0.38
0,881,-0.00056,0.6190,0.36,0.72
0,882,0.00078,0.6198,0.36,0.72
0,883,0.00150,0.6213,0.36,0.72
0,884,0.00222,0.6235,0.36,0.72
0,885,0.00252,0.6260,0.36,0.72
0,886,0.00223,0.6282,0.07,0.71
0,887,0.00107,0.6293,0.07,0.71
0,888,-0.00043,0.6289,0.07,0.71
0,889,-0.00104,0.6278,0.07,0.71
0,890,-0.00105,0.6268,0.07,0.71
0,891,-0.00135,0.6254,0.05,0.44
0,892,-0.00178,0.6236,0.05,0.44
0,893,-0.00200,0.6216,0.05,0.44
0,894,-0.00198,0.6197,0.05,0.44
0,895,-0.00198,0.6177,0.05,0.44
0,896,-0.00255,0.6151,-0.21,0.18
0,897,-0.00349,0.6116,-0.21,0.18
0,898,-0.00434,0.6073,-0.21,0.18
0,899,-0.00502,0.6023,-0.21,0.18
0,900,-0.00571,0.5966,-0.21,0.18
0,901,-0.00664,0.5899,0.09,0.19
0,902,-0.00487,0.5851,0.09,0.19
0,903,-0.00342,0.5816,0.09,0.19
0,904,-0.00193,0.5797,0.09,0.19
0,905,-0.00085,0.5789,0.09,0.19
0,906,-0.00093,0.5779,-0.01,-0.25
0,907,-0.00028,0.5777,-0.01,-0.25
0,908,-0.00018,0.5775,-0.01,-0.25
0,909,-0.00061,0.5769,-0.01,-0.25
0,910,-0.00131,0.5756,-0.01,-0.25
0,911,-0.00198,0.5736,-0.13,-0.18
0,912,-0.00269,0.5709,-0.13,-0.18
0,913,-0.00350,0.5674,-0.13,-0.18
0,914,-0.00428,0.5631,-0.13,-0.18
0,915,-0.00505,0.5581,-0.13,-0.18
0,916,-0.00563,0.5524,-0.20,-0.17
0,917,-0.00621,0.5462,-0.20,-0.17
0,918,-0.00622,0.5400,-0.20,-0.17
0,919,-0.00623,0.5338,-0.20,-0.17
0,920,-0.00623,0.5276,-0.20,-0.17
0,921,-0.00700,0.5206,0.01,0.37
0,922,-0.00554,0.5150,0.01,0.37
0,923,-0.00482,0.5102,0.01,0.37
0,924,-0.00410,0.5061,0.01,0.37
0,925,-0.00338,0.5027,0.01,0.37
0,926,-0.00334,0.4994,0.25,-0.07
0,927,-0.00118,0.4982,0.25,-0.07
0,928,-0.00017,0.4980,0.25,-0.07
0,929,0.00060,0.4986,0.25,-0.07
0,930,0.00136,0.5000,0.25,-0.07
0,931,0.00161,0.5016,0.39,0.29
0,932,0.00262,0.5042,0.39,0.29
0,933,0.00299,0.5072,0.39,0.29
0,934,0.00297,0.5102,0.39,0.29
0,935,0.00296,0.5131,0.39,0.29
0,936,0.00216,0.5153,0.18,-0.28
0,937,0.00305,0.5183,0.18,-0.28
0,938,0.00246,0.5208,0.18,-0.28
0,939,0.00234,0.5231,0.18,-0.28
0,940,0.00234,0.5255,0.18,-0.28
0,941,0.00186,0.5273,0.20,0.16
0,942,0.00221,0.5295,0.20,0.16
0,943,0.00210,0.5316,0.20,0.16
0,944,0.00208,0.5337,0.20,0.16
0,945,0.00202,0.5357,0.20,0.16
0,946,0.00148,0.5372,0.23,0.69
0,947,0.00186,0.5391,0.23,0.69
0,948,0.00174,0.5408,0.23,0.69
0,949,0.00170,0.5425,0.23,0.69
0,950,0.00165,0.5442,0.23,0.69
0,951,0.00006,0.5442,-0.45,-0.12
0,952,0.00013,0.5443,-0.45,-0.12
0,953,-0.00120,0.5431,-0.45,-0.12
0,954,-0.00246,0.5407,-0.45,-0.12
0,955,-0.00299,0.5377,-0.45,-0.12
0,956,-0.00387,0.5338,-0.60,0.01
0,957,-0.00454,0.5293,-0.60,0.01
0,958,-0.00512,0.5242,-0.60,0.01
0,959,-0.00573,0.5184,-0.60,0.01
0,960,-0.00638,0.5121,-0.60,0.01
0,961,-0.00693,0.5051,-0.38,0.24
0,962,-0.00664,0.4985,-0.38,0.24
0,963,-0.00662,0.4919,-0.38,0.24
0,964,-0.00667,0.4852,-0.38,0.24
0,965,-0.00670,0.4785,-0.38,0.24
0,966,-0.00689,0.4716,-0.54,0.27
0,967,-0.00679,0.4648,-0.54,0.27
0,968,-0.00685,0.4580,-0.54,0.27
0,969,-0.00684,0.4511,-0.54,0.27
0,970,-0.00689,0.4442,-0.54,0.27
0,971,-0.00731,0.4369,-0.27,0.12
0,972,-0.00679,0.4301,-0.27,0.12
0,973,-0.00680,0.4234,-0.27,0.12
0,974,-0.00681,0.4165,-0.27,0.12
0,975,-0.00682,0.4097,-0.27,0.12
0,976,-0.00804,0.4017,0.06,1.00
0,977,-0.00568,0.3960,0.06,1.00
0,978,-0.00501,0.3910,0.06,1.00
0,979,-0.00435,0.3866,0.06,1.00
0,980,-0.00367,0.3830,0.06,1.00
0,981,-0.00434,0.3786,0.35,-0.05
0,982,-0.00156,0.3771,0.35,-0.05
0,983,-0.00081,0.3762,0.35,-0.05
0,984,-0.00006,0.3762,0.35,-0.05
0,985,0.00069,0.3769,0.35,-0.05
0,986,0.00103,0.3779,0.15,0.16
0,987,0.00147,0.3794,0.15,0.16
0,988,0.00146,0.3808,0.15,0.16
0,989,0.00145,0.3823,0.15,0.16
0,990,0.00144,0.3837,0.15,0.16
0,991,0.00122,0.3850,0.34,0.13
0,992,0.00241,0.3874,0.34,0.13
0,993,0.00257,0.3899,0.34,0.13
0,994,0.00255,0.3925,0.34,0.13
0,995,0.00252,0.3950,0.34,0.13
0,996,0.00221,0.3972,0.14,0.21
0,997,0.00148,0.3987,0.14,0.21
0,998,0.00138,0.4001,0.14,0.21
0,999,0.00135,0.4014,0.14,0.21
0,1000,0.00132,0.4028,0.14,0.21
0,1001,0.00039,0.4031,-0.28,0.63
0,1002,-0.00006,0.4031,-0.28,0.63
0,1003,-0.00135,0.4017,-0.28,0.63
0,1004,-0.00262,0.3991,-0.28,0.63
0,1005,-0.00386,0.3952,-0.28,0.63
0,1006,-0.00573,0.3895,-0.19,0.17
0,1007,-0.00572,0.3838,-0.19,0.17
0,1008,-0.00572,0.3781,-0.19,0.17
0,1009,-0.00578,0.3723,-0.19,0.17
0,1010,-0.00577,0.3665,-0.19,0.17
0,1011,-0.00623,0.3603,0.20,0.22
0,1012,-0.00449,0.3558,0.20,0.22
0,1013,-0.00312,0.3527,0.20,0.22
0,1014,-0.00180,0.3509,0.20,0.22
0,1015,-0.00043,0.3504,0.20,0.22
0,1016,0.00013,0.3506,-0.11,-0.25
0,1017,-0.00048,0.3501,-0.11,-0.25
0,1018,-0.00158,0.3485,-0.11,-0.25
0,1019,-0.00220,0.3463,-0.11,-0.25
0,1020,-0.00280,0.3435,-0.11,-0.25
0,1021,-0.00371,0.3398,0.13,-0.34
0,1022,-0.00208,0.3377,0.13,-0.34
0,1023,-0.00071,0.3370,0.13,-0.34
0,1024,0.00024,0.3372,0.13,-0.34
0,1025,0.00026,0.3375,0.13,-0.34
0,1026,-0.00034,0.3372,-0.43,-0.28
0,1027,-0.00104,0.3361,-0.43,-0.28
0,1028,-0.00238,0.3338,-0.43,-0.28
0,1029,-0.00370,0.3301,-0.43,-0.28
0,1030,-0.00510,0.3249,-0.43,-0.28
0,1031,-0.00660,0.3183,-0.16,-0.09
0,1032,-0.00587,0.3125,-0.16,-0.09
0,1033,-0.00529,0.3072,-0.16,-0.09
0,1034,-0.00532,0.3019,-0.16,-0.09
0,1035,-0.00531,0.2966,-0.16,-0.09
0,1036,-0.00561,0.2909,-0.26,0.10
0,1037,-0.00646,0.2845,-0.26,0.10
0,1038,-0.00677,0.2777,-0.26,0.10
0,1039,-0.00679,0.2709,-0.26,0.10
0,1040,-0.00680,0.2641,-0.26,0.10
0,1041,-0.00730,0.2568,0.18,0.06
0,1042,-0.00537,0.2515,0.18,0.06
0,1043,-0.00395,0.2475,0.18,0.06
0,1044,-0.00254,0.2450,0.18,0.06
0,1045,-0.00110,0.2439,0.18,0.06
0,1046,-0.00060,0.2433,0.62,-0.43
0,1047,0.00125,0.2445,0.62,-0.43
0,1048,0.00200,0.2465,0.62,-0.43
0,1049,0.00275,0.2493,0.62,-0.43
0,1050,0.00332,0.2526,0.62,-0.43
0,1051,0.00218,0.2548,0.21,0.29
0,1052,0.00320,0.2580,0.21,0.29
0,1053,0.00286,0.2608,0.21,0.29
0,1054,0.00233,0.2632,0.21,0.29
0,1055,0.00231,0.2655,0.21,0.29
0,1056,0.00172,0.2672,0.29,-0.19
0,1057,0.00241,0.2696,0.29,-0.19
0,1058,0.00267,0.2723,0.29,-0.19
0,1059,0.00264,0.2749,0.29,-0.19
0,1060,0.00260,0.2775,0.29,-0.19
0,1061,0.00214,0.2796,-0.08,-0.14
0,1062,0.00116,0.2808,-0.08,-0.14
0,1063,-0.00012,0.2807,-0.08,-0.14
0,1064,-0.00144,0.2792,-0.08,-0.14
0,1065,-0.00274,0.2765,-0.08,-0.14
0,1066,-0.00371,0.2728,-0.08,0.26
0,1067,-0.00352,0.2693,-0.08,0.26
0,1068,-0.00363,0.2656,-0.08,0.26
0,1069,-0.00367,0.2620,-0.08,0.26
0,1070,-0.00371,0.2583,-0.08,0.26
0,1071,-0.00422,0.2540,-0.50,0.15
0,1072,-0.00505,0.2490,-0.50,0.15
0,1073,-0.00607,0.2429,-0.50,0.15
0,1074,-0.00653,0.2364,-0.50,0.15
0,1075,-0.00660,0.2298,-0.50,0.15
0,1076,-0.00775,0.2220,0.31,-0.18
0,1077,-0.00524,0.2168,0.31,-0.18
0,1078,-0.00391,0.2129,0.31,-0.18
0,1079,-0.00251,0.2104,0.31,-0.18
0,1080,-0.00116,0.2092,0.31,-0.18
0,1081,-0.00042,0.2088,-0.17,-0.01
0,1082,-0.00114,0.2076,-0.17,-0.01
0,1083,-0.00254,0.2051,-0.17,-0.01
0,1084,-0.00388,0.2012,-0.17,-0.01
0,1085,-0.00483,0.1964,-0.17,-0.01
0,1086,-0.00607,0.1903,0.13,0.55
0,1087,-0.00386,0.1865,0.13,0.55
0,1088,-0.00246,0.1840,0.13,0.55
0,1089,-0.00158,0.1824,0.13,0.55
0,1090,-0.00095,0.1815,0.13,0.55
0,1091,-0.00111,0.1804,0.05,-0.19
0,1092,-0.00019,0.1802,0.05,-0.19
0,1093,-0.00007,0.1801,0.05,-0.19
0,1094,-0.00024,0.1799,0.05,-0.19
0,1095,-0.00028,0.1796,0.05,-0.19
0,1096,-0.00062,0.1789,0.18,0.04
0,1097,0.00036,0.1793,0.18,0.04
0,1098,0.00096,0.1803,0.18,0.04
0,1099,0.00133,0.1816,0.18,0.04
0,1100,0.00128,0.1829,0.18,0.04
0,1101,0.00096,0.1838,0.09,-0.18
0,1102,0.00068,0.1845,0.09,-0.18
0,1103,0.00004,0.1846,0.09,-0.18
0,1104,-0.00028,0.1843,0.09,-0.18
0,1105,-0.00031,0.1840,0.09,-0.18
0,1106,-0.00123,0.1827,-0.30,0.38
0,1107,-0.00158,0.1812,-0.30,0.38
0,1108,-0.00293,0.1782,-0.30,0.38
0,1109,-0.00382,0.1744,-0.30,0.38
0,1110,-0.00459,0.1698,-0.30,0.38
0,1111,-0.00557,0.1642,-0.26,0.21
0,1112,-0.00622,0.1580,-0.26,0.21
0,1113,-0.00663,0.1514,-0.26,0.21
0,1114,-0.00663,0.1448,-0.26,0.21
0,1115,-0.00665,0.1381,-0.26,0.21
0,1116,-0.00777,0.1303,0.20,-0.40
0,1117,-0.00530,0.1250,0.20,-0.40
0,1118,-0.00394,0.1211,0.20,-0.40
0,1119,-0.00256,0.1185,0.20,-0.40
0,1120,-0.00117,0.1174,0.20,-0.40
0,1121,-0.00048,0.1169,-0.21,-0.22
0,1122,-0.00126,0.1156,-0.21,-0.22
0,1123,-0.00263,0.1130,-0.21,-0.22
0,1124,-0.00405,0.1089,-0.21,-0.22
0,1125,-0.00481,0.1041,-0.21,-0.22
0,1126,-0.00579,0.0983,-0.03,-0.37
0,1127,-0.00447,0.0939,-0.03,-0.37
0,1128,-0.00372,0.0902,-0.03,-0.37
0,1129,-0.00298,0.0872,-0.03,-0.37
0,1130,-0.00223,0.0849,-0.03,-0.37
0,1131,-0.00241,0.0825,-0.26,0.08
0,1132,-0.00296,0.0796,-0.26,0.08
0,1133,-0.00372,0.0759,-0.26,0.08
0,1134,-0.00449,0.0714,-0.26,0.08
0,1135,-0.00526,0.0661,-0.26,0.08
0,1136,-0.00691,0.0592,0.10,0.59
0,1137,-0.00511,0.0541,0.10,0.59
0,1138,-0.00445,0.0496,0.10,0.59
0,1139,-0.00378,0.0459,0.10,0.59
0,1140,-0.00311,0.0427,0.10,0.59
0,1141,-0.00350,0.0392,0.53,-0.03
0,1142,-0.00101,0.0382,0.53,-0.03
0,1143,-0.00010,0.0381,0.53,-0.03
0,1144,0.00065,0.0388,0.53,-0.03
0,1145,0.00139,0.0402,0.53,-0.03
0,1146,0.00176,0.0419,0.43,0.24
0,1147,0.00251,0.0444,0.43,0.24
0,1148,0.00251,0.0469,0.43,0.24
0,1149,0.00248,0.0494,0.43,0.24
0,1150,0.00244,0.0519,0.43,0.24
0,1151,0.00150,0.0534,-0.12,-0.12
0,1152,0.00104,0.0544,-0.12,-0.12
0,1153,-0.00032,0.0541,-0.12,-0.12
0,1154,-0.00167,0.0524,-0.12,-0.12
0,1155,-0.00301,0.0494,-0.12,-0.12
0,1156,-0.00483,0.0446,0.41,0.04
0,1157,-0.00279,0.0418,0.41,0.04
0,1158,-0.00145,0.0403,0.41,0.04
0,1159,-0.00012,0.0402,0.41,0.04
0,1160,0.00123,0.0415,0.41,0.04
0,1161,0.00168,0.0431,0.20,-0.06
0,1162,0.00156,0.0447,0.20,-0.06
0,1163,0.00146,0.0462,0.20,-0.06
0,1164,0.00142,0.0476,0.20,-0.06
0,1165,0.00139,0.0490,0.20,-0.06
0,1166,0.00068,0.0497,-0.14,-0.38
0,1167,0.00007,0.0497,-0.14,-0.38
0,1168,-0.00117,0.0485,-0.14,-0.38
0,1169,-0.00232,0.0462,-0.14,-0.38
0,1170,-0.00284,0.0434,-0.14,-0.38
0,1171,-0.00376,0.0396,0.11,-0.26
0,1172,-0.00218,0.0375,0.11,-0.26
0,1173,-0.00091,0.0365,0.11,-0.26
0,1174,-0.00019,0.0363,0.11,-0.26
0,1175,-0.00021,0.0361,0.11,-0.26
0,1176,-0.00068,0.0355,-0.33,-0.30
0,1177,-0.00145,0.0340,-0.33,-0.30
0,1178,-0.00270,0.0313,-0.33,-0.30
0,1179,-0.00396,0.0273,-0.33,-0.30
0,1180,-0.00528,0.0221,-0.33,-0.30
0,1181,-0.00733,0.0147,-0.13,0.54
0,1182,-0.00651,0.0082,-0.13,0.54
0,1183,-0.00638,0.0018,-0.13,0.54
0,1184,-0.00578,-0.0039,-0.13,0.54
0,1185,-0.00521,-0.0092,-0.13,0.54
0,1186,-0.00575,-0.0149,-0.24,-0.19
0,1187,-0.00471,-0.0196,-0.24,-0.19
0,1188,-0.00501,-0.0246,-0.24,-0.19
0,1189,-0.00567,-0.0303,-0.24,-0.19
0,1190,-0.00629,-0.0366,-0.24,-0.19
0,1191,-0.00674,-0.0433,-0.08,0.07
0,1192,-0.00565,-0.0490,-0.08,0.07
0,1193,-0.00527,-0.0542,-0.08,0.07
0,1194,-0.00528,-0.0595,-0.08,0.07
0,1195,-0.00527,-0.0648,-0.08,0.07
0,1196,-0.00599,-0.0708,-0.27,-0.45
0,1197,-0.00593,-0.0767,-0.27,-0.45
0,1198,-0.00660,-0.0833,-0.27,-0.45
0,1199,-0.00717,-0.0905,-0.27,-0.45
0,1200,-0.00719,-0.0977,-0.27,-0.45
0,1201,-0.00835,-0.1060,0.27,0.15
0,1202,-0.00581,-0.1118,0.27,0.15
0,1203,-0.00438,-0.1162,0.27,0.15
0,1204,-0.00295,-0.1192,0.27,0.15
0,1205,-0.00151,-0.1207,0.27,0.15
0,1206,-0.00048,-0.1211,-0.03,0.04
0,1207,-0.00069,-0.1218,-0.03,0.04
0,1208,-0.00146,-0.1233,-0.03,0.04
0,1209,-0.00197,-0.1253,-0.03,0.04
0,1210,-0.00197,-0.1272,-0.03,0.04
0,1211,-0.00215,-0.1294,0.13,0.06
0,1212,-0.00056,-0.1299,0.13,0.06
0,1213,0.00088,-0.1291,0.13,0.06
0,1214,0.00136,-0.1277,0.13,0.06
0,1215,0.00135,-0.1264,0.13,0.06
0,1216,0.00097,-0.1254,-0.18,0.00
0,1217,-0.00008,-0.1255,-0.18,0.00
0,1218,-0.00152,-0.1270,-0.18,0.00
0,1219,-0.00295,-0.1299,-0.18,0.00
0,1220,-0.00439,-0.1343,-0.18,0.00
0,1221,-0.00585,-0.1402,0.10,0.09
0,1222,-0.00405,-0.1442,0.10,0.09
0,1223,-0.00261,-0.1468,0.10,0.09
0,1224,-0.00117,-0.1480,0.10,0.09
0,1225,0.00027,-0.1477,0.10,0.09
0,1226,0.00127,-0.1464,0.09,0.02
0,1227,0.00133,-0.1451,0.09,0.02
0,1228,0.00133,-0.1438,0.09,0.02
0,1229,0.00133,-0.1424,0.09,0.02
0,1230,0.00132,-0.1411,0.09,0.02
0,1231,0.00056,-0.1406,0.24,-0.58
0,1232,0.00208,-0.1385,0.24,-0.58
0,1233,0.00283,-0.1357,0.24,-0.58
0,1234,0.00357,-0.1321,0.24,-0.58
0,1235,0.00367,-0.1284,0.24,-0.58
0,1236,0.00251,-0.1259,-0.25,0.12
0,1237,0.00227,-0.1236,-0.25,0.12
0,1238,0.00087,-0.1228,-0.25,0.12
0,1239,-0.00053,-0.1233,-0.25,0.12
0,1240,-0.00193,-0.1252,-0.25,0.12
0,1241,-0.00375,-0.1290,-0.01,0.28
0,1242,-0.00343,-0.1324,-0.01,0.28
0,1243,-0.00354,-0.1359,-0.01,0.28
0,1244,-0.00350,-0.1394,-0.01,0.28
0,1245,-0.00289,-0.1423,-0.01,0.28
0,1246,-0.00229,-0.1446,0.04,0.32
0,1247,-0.00224,-0.1469,0.04,0.32
0,1248,-0.00220,-0.1491,0.04,0.32
0,1249,-0.00224,-0.1513,0.04,0.32
0,1250,-0.00222,-0.1535,0.04,0.32
0,1251,-0.00298,-0.1565,0.21,-0.25
0,1252,-0.00153,-0.1580,0.21,-0.25
0,1253,-0.00076,-0.1588,0.21,-0.25
0,1254,-0.00005,-0.1588,0.21,-0.25
0,1255,0.00071,-0.1581,0.21,-0.25
0,1256,0.00108,-0.1571,0.05,-0.05
0,1257,0.00056,-0.1565,0.05,-0.05
0,1258,-0.00003,-0.1565,0.05,-0.05
0,1259,-0.00025,-0.1568,0.05,-0.05
0,1260,-0.00026,-0.1570,0.05,-0.05
0,1261,-0.00051,-0.1575,-0.15,-0.10
0,1262,-0.00164,-0.1592,-0.15,-0.10
0,1263,-0.00297,-0.1621,-0.15,-0.10
0,1264,-0.00403,-0.1662,-0.15,-0.10
0,1265,-0.00479,-0.1710,-0.15,-0.10
0,1266,-0.00564,-0.1766,0.12,-0.01
0,1267,-0.00392,-0.1805,0.12,-0.01
0,1268,-0.00255,-0.1831,0.12,-0.01
0,1269,-0.00115,-0.1842,0.12,-0.01
0,1270,0.00020,-0.1840,0.12,-0.01
0,1271,0.00046,-0.1835,-0.23,0.39
0,1272,-0.00019,-0.1837,-0.23,0.39
0,1273,-0.00156,-0.1853,-0.23,0.39
0,1274,-0.00290,-0.1882,-0.23,0.39
0,1275,-0.00429,-0.1925,-0.23,0.39
0,1276,-0.00563,-0.1981,-0.13,0.33
0,1277,-0.00514,-0.2032,-0.13,0.33
0,1278,-0.00454,-0.2078,-0.13,0.33
0,1279,-0.00430,-0.2121,-0.13,0.33
0,1280,-0.00429,-0.2164,-0.13,0.33
0,1281,-0.00503,-0.2214,-0.39,-0.11
0,1282,-0.00484,-0.2262,-0.39,-0.11
0,1283,-0.00545,-0.2317,-0.39,-0.11
0,1284,-0.00610,-0.2378,-0.39,-0.11
0,1285,-0.00662,-0.2444,-0.39,-0.11
0,1286,-0.00702,-0.2514,-0.01,-0.12
0,1287,-0.00523,-0.2567,-0.01,-0.12
0,1288,-0.00383,-0.2605,-0.01,-0.12
0,1289,-0.00250,-0.2630,-0.01,-0.12
0,1290,-0.00199,-0.2650,-0.01,-0.12
0,1291,-0.00245,-0.2674,0.08,0.25
0,1292,-0.00134,-0.2688,0.08,0.25
0,1293,-0.00068,-0.2695,0.08,0.25
0,1294,-0.00047,-0.2699,0.08,0.25
0,1295,-0.00048,-0.2704,0.08,0.25
0,1296,-0.00092,-0.2713,0.00,-0.11
0,1297,-0.00116,-0.2725,0.00,-0.11
0,1298,-0.00181,-0.2743,0.00,-0.11
0,1299,-0.00202,-0.2763,0.00,-0.11
0,1300,-0.00202,-0.2783,0.00,-0.11
0,1301,-0.00222,-0.2806,0.19,-0.09
0,1302,-0.00061,-0.2812,0.19,-0.09
0,1303,0.00078,-0.2804,0.19,-0.09
0,1304,0.00161,-0.2788,0.19,-0.09
0,1305,0.00160,-0.2772,0.19,-0.09
0,1306,0.00126,-0.2759,0.18,0.23
0,1307,0.00186,-0.2741,0.18,0.23
0,1308,0.00186,-0.2722,0.18,0.23
0,1309,0.00184,-0.2704,0.18,0.23
0,1310,0.00182,-0.2686,0.18,0.23
0,1311,0.00167,-0.2669,0.11,0.18
0,1312,0.00116,-0.2657,0.11,0.18
0,1313,0.00112,-0.2646,0.11,0.18
0,1314,0.00109,-0.2635,0.11,0.18
0,1315,0.00102,-0.2625,0.11,0.18
0,1316,0.00076,-0.2617,-0.06,0.14
0,1317,-0.00031,-0.2620,-0.06,0.14
0,1318,-0.00158,-0.2636,-0.06,0.14
0,1319,-0.00247,-0.2661,-0.06,0.14
0,1320,-0.00320,-0.2693,-0.06,0.14
0,1321,-0.00409,-0.2734,-0.16,-0.20
0,1322,-0.00420,-0.2776,-0.16,-0.20
0,1323,-0.00478,-0.2824,-0.16,-0.20
0,1324,-0.00536,-0.2877,-0.16,-0.20
0,1325,-0.00536,-0.2931,-0.16,-0.20
0,1326,-0.00552,-0.2986,-0.16,-0.29
0,1327,-0.00562,-0.3042,-0.16,-0.29
0,1328,-0.00564,-0.3099,-0.16,-0.29
0,1329,-0.00571,-0.3156,-0.16,-0.29
0,1330,-0.00571,-0.3213,-0.16,-0.29
0,1331,-0.00599,-0.3273,-0.10,-0.46
0,1332,-0.00497,-0.3323,-0.10,-0.46
0,1333,-0.00424,-0.3365,-0.10,-0.46
0,1334,-0.00400,-0.3405,-0.10,-0.46
0,1335,-0.00401,-0.3445,-0.10,-0.46
0,1336,-0.00557,-0.3501,-0.61,0.58
0,1337,-0.00426,-0.3543,-0.61,0.58
0,1338,-0.00502,-0.3594,-0.61,0.58
0,1339,-0.00579,-0.3652,-0.61,0.58
0,1340,-0.00656,-0.3717,-0.61,0.58
0,1341,-0.00876,-0.3805,0.34,0.09
0,1342,-0.00595,-0.3864,0.34,0.09
0,1343,-0.00453,-0.3910,0.34,0.09
0,1344,-0.00312,-0.3941,0.34,0.09
0,1345,-0.00169,-0.3958,0.34,0.09
0,1346,-0.00153,-0.3973,-0.23,-0.60
0,1347,-0.00089,-0.3982,-0.23,-0.60
0,1348,-0.00155,-0.3997,-0.23,-0.60
0,1349,-0.00220,-0.4019,-0.23,-0.60
0,1350,-0.00286,-0.4048,-0.23,-0.60
0,1351,-0.00452,-0.4093,-0.49,0.15
0,1352,-0.00458,-0.4139,-0.49,0.15
0,1353,-0.00535,-0.4192,-0.49,0.15
0,1354,-0.00612,-0.4254,-0.49,0.15
0,1355,-0.00682,-0.4322,-0.49,0.15
0,1356,-0.00742,-0.4396,-0.07,0.33
0,1357,-0.00538,-0.4450,-0.07,0.33
0,1358,-0.00426,-0.4492,-0.07,0.33
0,1359,-0.00376,-0.4530,-0.07,0.33
0,1360,-0.00377,-0.4568,-0.07,0.33
0,1361,-0.00410,-0.4609,-0.07,-0.01
0,1362,-0.00446,-0.4653,-0.07,-0.01
0,1363,-0.00513,-0.4705,-0.07,-0.01
0,1364,-0.00536,-0.4758,-0.07,-0.01
0,1365,-0.00536,-0.4812,-0.07,-0.01
0,1366,-0.00560,-0.4868,0.11,0.06
0,1367,-0.00390,-0.4907,0.11,0.06
0,1368,-0.00246,-0.4932,0.11,0.06
0,1369,-0.00102,-0.4942,0.11,0.06
0,1370,0.00043,-0.4937,0.11,0.06
0,1371,0.00096,-0.4928,0.31,-0.13
0,1372,0.00242,-0.4904,0.31,-0.13
0,1373,0.00281,-0.4876,0.31,-0.13
0,1374,0.00280,-0.4847,0.31,-0.13
0,1375,0.00280,-0.4820,0.31,-0.13
0,1376,0.00214,-0.4798,0.40,0.43
0,1377,0.00271,-0.4771,0.40,0.43
0,1378,0.00295,-0.4742,0.40,0.43
0,1379,0.00310,-0.4711,0.40,0.43
0,1380,0.00308,-0.4680,0.40,0.43
0,1381,0.00203,-0.4660,0.38,-0.57
0,1382,0.00311,-0.4628,0.38,-0.57
0,1383,0.00320,-0.4596,0.38,-0.57
0,1384,0.00346,-0.4562,0.38,-0.57
0,1385,0.00365,-0.4525,0.38,-0.57
0,1386,0.00298,-0.4496,0.11,-0.19
0,1387,0.00290,-0.4466,0.11,-0.19
0,1388,0.00215,-0.4445,0.11,-0.19
0,1389,0.00140,-0.4431,0.11,-0.19
0,1390,0.00118,-0.4419,0.11,-0.19
0,1391,0.00053,-0.4414,-0.38,-0.33
0,1392,-0.00019,-0.4416,-0.38,-0.33
0,1393,-0.00152,-0.4431,-0.38,-0.33
0,1394,-0.00285,-0.4459,-0.38,-0.33
0,1395,-0.00422,-0.4502,-0.38,-0.33
0,1396,-0.00627,-0.4564,0.38,-0.11
0,1397,-0.00399,-0.4604,0.38,-0.11
0,1398,-0.00262,-0.4630,0.38,-0.11
0,1399,-0.00127,-0.4643,0.38,-0.11
0,1400,0.00003,-0.4643,0.38,-0.11
0,1401,0.00093,-0.4633,0.01,-0.03
0,1402,0.00001,-0.4633,0.01,-0.03
0,1403,-0.00133,-0.4647,0.01,-0.03
0,1404,-0.00198,-0.4667,0.01,-0.03
0,1405,-0.00202,-0.4687,0.01,-0.03
0,1406,-0.00217,-0.4708,-0.03,-0.18
0,1407,-0.00258,-0.4734,-0.03,-0.18
0,1408,-0.00322,-0.4766,-0.03,-0.18
0,1409,-0.00340,-0.4800,-0.03,-0.18
0,1410,-0.00344,-0.4835,-0.03,-0.18
0,1411,-0.00365,-0.4871,-0.25,-0.18
0,1412,-0.00476,-0.4919,-0.25,-0.18
0,1413,-0.00602,-0.4979,-0.25,-0.18
0,1414,-0.00654,-0.5044,-0.25,-0.18
0,1415,-0.00654,-0.5110,-0.25,-0.18
0,1416,-0.00714,-0.5181,-0.45,0.20
0,1417,-0.00670,-0.5248,-0.45,0.20
0,1418,-0.00676,-0.5316,-0.45,0.20
0,1419,-0.00678,-0.5383,-0.45,0.20
0,1420,-0.00679,-0.5451,-0.45,0.20
0,1421,-0.00834,-0.5535,0.47,-0.43
0,1422,-0.00538,-0.5588,0.47,-0.43
0,1423,-0.00397,-0.5628,0.47,-0.43
0,1424,-0.00255,-0.5654,0.47,-0.43
0,1425,-0.00113,-0.5665,0.47,-0.43
0,1426,-0.00047,-0.5670,0.36,0.13
0,1427,0.00161,-0.5653,0.36,0.13
0,1428,0.00263,-0.5627,0.36,0.13
0,1429,0.00261,-0.5601,0.36,0.13
0,1430,0.00258,-0.5575,0.36,0.13
0,1431,0.00149,-0.5560,-0.34,0.49
0,1432,0.00116,-0.5549,-0.34,0.49
0,1433,-0.00023,-0.5551,-0.34,0.49
0,1434,-0.00161,-0.5567,-0.34,0.49
0,1435,-0.00298,-0.5597,-0.34,0.49
0,1436,-0.00467,-0.5644,-0.17,0.34
0,1437,-0.00575,-0.5701,-0.17,0.34
0,1438,-0.00623,-0.5764,-0.17,0.34
0,1439,-0.00624,-0.5826,-0.17,0.34
0,1440,-0.00625,-0.5889,-0.17,0.34
0,1441,-0.00664,-0.5955,0.06,0.49
0,1442,-0.00486,-0.6004,0.06,0.49
0,1443,-0.00397,-0.6043,0.06,0.49
0,1444,-0.00333,-0.6077,0.06,0.49
0,1445,-0.00268,-0.6103,0.06,0.49
0,1446,-0.00229,-0.6126,0.18,0.36
0,1447,-0.00067,-0.6133,0.18,0.36
0,1448,0.00013,-0.6132,0.18,0.36
0,1449,0.00086,-0.6123,0.18,0.36
0,1450,0.00159,-0.6107,0.18,0.36
0,1451,0.00121,-0.6095,0.32,-0.35
0,1452,0.00218,-0.6073,0.32,-0.35
0,1453,0.00262,-0.6047,0.32,-0.35
0,1454,0.00289,-0.6018,0.32,-0.35
0,1455,0.00286,-0.5989,0.32,-0.35
0,1456,0.00190,-0.5970,0.12,0.41
0,1457,0.00266,-0.5944,0.12,0.41
0,1458,0.00184,-0.5925,0.12,0.41
0,1459,0.00109,-0.5915,0.12,0.41
0,1460,0.00034,-0.5911,0.12,0.41
0,1461,-0.00063,-0.5918,-0.16,0.25
0,1462,-0.00147,-0.5932,-0.16,0.25
0,1463,-0.00273,-0.5960,-0.16,0.25
0,1464,-0.00398,-0.5999,-0.16,0.25
0,1465,-0.00462,-0.6046,-0.16,0.25
0,1466,-0.00579,-0.6103,-0.07,-0.25
0,1467,-0.00483,-0.6152,-0.07,-0.25
0,1468,-0.00414,-0.6193,-0.07,-0.25
0,1469,-0.00344,-0.6228,-0.07,-0.25
0,1470,-0.00332,-0.6261,-0.07,-0.25
0,1471,-0.00342,-0.6295,-0.05,-0.27
0,1472,-0.00339,-0.6329,-0.05,-0.27
0,1473,-0.00340,-0.6363,-0.05,-0.27
0,1474,-0.00341,-0.6397,-0.05,-0.27
0,1475,-0.00341,-0.6431,-0.05,-0.27
0,1476,-0.00351,-0.6466,-0.07,-0.21
0,1477,-0.00342,-0.6500,-0.07,-0.21
0,1478,-0.00343,-0.6535,-0.07,-0.21
0,1479,-0.00344,-0.6569,-0.07,-0.21
0,1480,-0.00344,-0.6604,-0.07,-0.21
0,1481,-0.00437,-0.6647,0.30,0.34
0,1482,-0.00208,-0.6668,0.30,0.34
0,1483,-0.00071,-0.6675,0.30,0.34
0,1484,0.00016,-0.6674,0.30,0.34
0,1485,0.00077,-0.6666,0.30,0.34
0,1486,0.00080,-0.6658,0.41,0.80
0,1487,0.00122,-0.6646,0.41,0.80
0,1488,0.00110,-0.6635,0.41,0.80
0,1489,0.00138,-0.6621,0.41,0.80
0,1490,0.00181,-0.6603,0.41,0.80
0,1491,0.00034,-0.6599,-0.12,-0.05
0,1492,0.00036,-0.6596,-0.12,-0.05
0,1493,-0.00094,-0.6605,-0.12,-0.05
0,1494,-0.00174,-0.6623,-0.12,-0.05
0,1495,-0.00228,-0.6645,-0.12,-0.05
0,1496,-0.00305,-0.6676,-0.25,0.07
0,1497,-0.00406,-0.6717,-0.25,0.07
0,1498,-0.00472,-0.6764,-0.25,0.07
0,1499,-0.00527,-0.6816,-0.25,0.07
0,1500,-0.00585,-0.6875,-0.25,0.07
1,1,-5.05264,-5.0526,-0.48,-0.16
1,2,-0.00346,-5.0561,-0.48,-0.16
1,3,-0.00493,-5.0610,-0.48,-0.16
1,4,-0.00620,-5.0672,-0.48,-0.16
1,5,-0.00695,-5.0742,-0.48,-0.16
1,6,-0.00841,-5.0826,0.29,0.54
1,7,-0.00544,-5.0880,0.29,0.54
1,8,-0.00397,-5.0920,0.29,0.54
1,9,-0.00251,-5.0945,0.29,0.54
1,10,-0.00105,-5.0956,0.29,0.54
1,11,-0.00078,-5.0964,0.46,-0.49
1,12,0.00186,-5.0945,0.46,-0.49
1,13,0.00280,-5.0917,0.46,-0.49
1,14,0.00349,-5.0882,0.46,-0.49
1,15,0.00349,-5.0847,0.46,-0.49
1,16,0.00223,-5.0825,0.21,0.51
1,17,0.00357,-5.0789,0.21,0.51
1,18,0.00363,-5.0753,0.21,0.51
1,19,0.00335,-5.0719,0.21,0.51
1,20,0.00335,-5.0686,0.21,0.51
1,21,0.00159,-5.0670,0.81,-0.65
1,22,0.00330,-5.0637,0.81,-0.65
1,23,0.00324,-5.0605,0.81,-0.65
1,24,0.00353,-5.0569,0.81,-0.65
1,25,0.00396,-5.0530,0.81,-0.65
1,26,0.00370,-5.0493,0.75,-0.45
1,27,0.00337,-5.0459,0.75,-0.45
1,28,0.00337,-5.0425,0.75,-0.45
1,29,0.00336,-5.0392,0.75,-0.45
1,30,0.00336,-5.0358,0.75,-0.45
1,31,0.00279,-5.0330,0.37,-0.27
1,32,0.00285,-5.0302,0.37,-0.27
1,33,0.00284,-5.0273,0.37,-0.27
1,34,0.00284,-5.0245,0.37,-0.27
1,35,0.00284,-5.0217,0.37,-0.27
1,36,0.00231,-5.0194,0.83,-0.20
1,37,0.00278,-5.0166,0.83,-0.20
1,38,0.00278,-5.0138,0.83,-0.20
1,39,0.00277,-5.0110,0.83,-0.20
1,40,0.00277,-5.0083,0.83,-0.20
